title,url
Rwanda police shoot dead terror suspect in Kigali - BBC News,https://www.bbc.com/news/world-africa-37118166
"Rwanda soldiers shoot dead national, Ugandan at border",https://www.vanguardnews.ug/rwanda-soldiers-shoot-dead-national-ugandan-at-border/
Rwanda Border Patrol Shoot Dead 2 Burundian Refugees,https://chimpreports.com/rwanda-border-patrol-shoot-dead-2-burundian-refugees/
Rwanda police shoot dead IS recruiter | Business Standard News,https://www.business-standard.com/article/pti-stories/rwanda-police-shoot-dead-is-recruiter-116012501106_1.html
Rwanda Police Shoot Two People Dead Defying COVID-19 ... - Gistcandy,https://gistcandy.com/rwanda-police-shoot-two-people-dead-defying-covid-19-lockdown-orders/
Rwanda police shoot dead ISIS imam | News24,https://www.news24.com/News24/rwanda-police-shoot-dead-isis-imam-20160125
Rwanda Police Shoot Dead Terror Suspect | ChimpReports,https://chimpreports.com/rwanda-police-shoot-dead-terror-suspect/
Rwanda: Poachers Shoot Dead Akagera Rangers - allAfrica.com,https://allafrica.com/stories/201012070270.html
Rwanda police shoot dead terror suspect in Kigali,https://www.reddit.com/r/harmdestroysthegood/comments/4ybzy4/rwanda_police_shoot_dead_terror_suspect_in_kigali/
Poachers shoot dead Akagera rangers | The New Times | Rwanda,https://www.newtimes.co.rw/section/read/26595
List of German films of the 1960s - Wikipedia,https://en.wikipedia.org/wiki/List_of_German_films_of_the_1960s
Authorities disclose note found on Walmart shooters phone,https://www.gwinnettdailypost.com/news/authorities-disclose-note-found-on-walmart-shooters-phone/article_c699d590-dd9b-538e-83e2-b38385de3a64.html
Nigeria: Six Persons Dead in Anambra Cult Clash - allAfrica.com,https://allafrica.com/stories/202211280051.html
বাংলাদেশের স্বাধীনতা যুদ্ধের সময় ধর্ষণ - উইকিপিডিয়া,https://bn.wikipedia.org/wiki/%E0%A6%AC%E0%A6%BE%E0%A6%82%E0%A6%B2%E0%A6%BE%E0%A6%A6%E0%A7%87%E0%A6%B6%E0%A7%87%E0%A6%B0_%E0%A6%B8%E0%A7%8D%E0%A6%AC%E0%A6%BE%E0%A6%A7%E0%A7%80%E0%A6%A8%E0%A6%A4%E0%A6%BE_%E0%A6%AF%E0%A7%81%E0%A6%A6%E0%A7%8D%E0%A6%A7%E0%A7%87%E0%A6%B0_%E0%A6%B8%E0%A6%AE%E0%A6%AF%E0%A6%BC_%E0%A6%A7%E0%A6%B0%E0%A7%8D%E0%A6%B7%E0%A6%A3
Six minutes of terror: How the deadly Club Q shooting unfolded,https://www.rockdalenewtoncitizen.com/news/six-minutes-of-terror-how-the-deadly-club-q-shooting-unfolded/article_30e40d41-b467-59c2-8f9f-515aa1751231.html
Congo peace talks move to rebel disarmament | CTV News,https://www.ctvnews.ca/world/talks-begin-on-disarmament-of-rebel-groups-in-eastern-congo-1.6171406
Frappart becomes 1st woman ref for mens World Cup match,https://news.yahoo.com/frappart-becomes-1st-woman-ref-171048840.html
Kazakhstan holds presidential elections after a turbulent year,https://www.msn.com/en-za/news/world/kazakhstan-holds-presidential-elections-after-a-turbulent-year/ar-AA14jTzg
Presidential vote underway in Kazakhstan after turbulent year,https://sg.news.yahoo.com/presidential-vote-underway-kazakhstan-turbulent-013848682.html
"Emma Corrin: Questions about class, sex and pleasure are still ...",https://uk.news.yahoo.com/emma-corrin-questions-class-sex-162900014.html
Dead - Death  Obituary : Meghan Markle used trip to Rwanda as a ...,https://obituarydeath.net/2022/07/22/dead-death-obituary-meghan-markle-used-trip-to-rwanda-as-a-backdrop-for-fashion-shoot-explosive-biography-claims/
Researchers Put Mystery of King Charles XIIs Death to Rest After 300 ...,https://www.africa-press.net/rwanda/all-news/researchers-put-mystery-of-king-charles-xiis-death-to-rest-after-300-years
Soldier succumbs to injuries sustained in Iganga encounter,https://www.independent.co.ug/soldier-succumbs-to-injuries-sustained-in-iganga-encounter/
LFM behead a CJNG : r/NarcoFootage - reddit,https://www.reddit.com/r/NarcoFootage/comments/rwa200/lfm_behead_a_cjng/
June 1993 UN killings of Somali protestors - Wikipedia,https://en.wikipedia.org/wiki/June_1993_UN_killings_of_Somali_protestors
"Cases 23-25: Losing brother, then son to gun violence is just too much ...",https://www.stltoday.com/news/special-reports/100-neediest/cases-23-25-losing-brother-then-son-to-gun-violence-is-just-too-much-for/article_5f86fef2-4f42-5628-8551-94ac8d7d67f9.html
Sheriff: Deputies fatally shoot man who stabbed parents,https://www.avenuenews.com/news/police_fire_court/sheriff-deputies-fatally-shoot-man-who-stabbed-parents/article_d76c3a82-996d-5ac9-b3e2-3d4b5efecaae.html
Maryland deputies fatally shoot man who stabbed parents,https://www.suwedi.com/5767698-maryland-deputies-fatally-shoot.html
Meghan Markle faced many credible threats to her life,https://www.dailymail.co.uk/news/article-11482351/Meghan-Markle-faced-credible-disgusting-threats-life.html
"Ask Matt: The Walking Dead Finale, Did The Real Love Boat Sink ...",https://www.gwinnettdailypost.com/entertainment/ask-matt-the-walking-dead-finale-did-the-real-love-boat-sink-more/article_593ab74e-987f-5229-be0c-6153fbc53e0e.html
NMSU-UNM postpone basketball game after fatal campus shooting,https://www.santafenewmexican.com/news/local_news/nmsu-unm-postpone-basketball-game-after-fatal-campus-shooting/article_4617e17e-6840-11ed-affb-6f6c2afb54df.html
Sudan: Tear Gas Launchers Filled With Stones By Sudan Police Kills ...,https://allafrica.com/stories/202211290371.html
奥斯卡最佳女配角奖 - 维基百科，自由的百科全书,https://zh.wikipedia.org/wiki/%E5%A5%A5%E6%96%AF%E5%8D%A1%E6%9C%80%E4%BD%B3%E5%A5%B3%E9%85%8D%E8%A7%92%E5%A5%96
Commonwealth leaders summit officially opens Friday in Rwanda,https://www.trendradars.com/digg/article-309388-commonwealth-leaders-summit-officially-opens-friday-in-rwanda
"Ohios deer gun season is now open and runs through Sunday, December ...",https://www.hometownstations.com/news/ohios-deer-gun-season-is-now-open-and-runs-through-sunday-december-4th/article_dfa012ac-6f4e-11ed-9f67-4b0fe348f405.html
"Who has won the World Cup? Full list of winners, from Uruguay to France",https://www.yahoo.com/now/won-world-cup-full-list-082535344.html
Inside the Shipping Containers and Cruise Ships Housing World Cup Fans ...,https://www.albanyherald.com/arena/inside-the-shipping-containers-and-cruise-ships-housing-world-cup-fans/article_fc3126f4-1065-5c7d-8c86-7cd5f369385e.html
Page A9 | The Daily Times | thedailytimes.com,https://www.thedailytimes.com/eedition/the_daily_times/page-a9/page_512fc7f7-c5cb-507f-8629-62cc4197cfe0.html
Iran publishes photos of closed hearing into plane shootdown,https://airflightdisaster.com/iran-publishes-photos-of-closed-hearing-into-plane-shootdown/iran-publishes-photos-of-closed-hearing-into-plane-shootdown-2/
Go behind the scenes of our World Cup photoshoot!,https://www.arsenal.com/news/go-behind-scenes-our-world-cup-photoshoot
FIFA accused of snubbing referees from OneLove nations,https://www.dailymail.co.uk/sport/sportsnews/article-11467221/FIFA-accused-snubbing-referees-OneLove-nations.html
Understanding Vaccine Causation: Patterns of Side Effects Through ...,https://worldcouncilforhealth.org/multimedia/understanding-vaccine-causation/?lang=nl
African nations at the FIFA World Cup - Wikipedia,https://en.wikipedia.org/wiki/African_nations_at_the_FIFA_World_Cup
John Klar: The fraud of EBT cards | True North Reports,http://www.truenorthreports.com/john-klar-the-fraud-of-ebt-cards
Children in Need: 4 biggest talking points from the live show as new ...,https://www.msn.com/en-gb/entertainment/tv/children-in-need-4-biggest-talking-points-from-the-live-show-as-new-doctor-who-companion-announced-on-air/ar-AA14jAEZ
Inside the Shipping Containers and Cruise Ships Housing World Cup Fans ...,https://www.gwinnettdailypost.com/arena/inside-the-shipping-containers-and-cruise-ships-housing-world-cup-fans/article_0259ff1b-451c-5089-8dde-8c340c5a3a47.html
Germantown pulls away from shorthanded Watertown,https://www.wdtimes.com/sports/local_sports/germantown-pulls-away-from-shorthanded-watertown/article_8e0afffe-6e10-11ed-92e1-432d263a4857.html
No. 25 K-State women fall to Arkansas 69-53 | K-State Sports ...,https://themercury.com/k_state_sports/no-25-k-state-women-fall-to-arkansas-69-53/article_01b419c5-5f7e-54f4-b129-86591cf2fbc1.html
World Cup Fantasy 2022 team previews: Senegal,https://www.fantasyfootballscout.co.uk/2022/11/20/world-cup-fantasy-2022-team-previews-senegal/?hc_page=1
Britons Cut Energy Consumption By Around 10% Amid Energy Crunch - 27.11 ...,https://www.trendradars.com/digg/article-331411-britons-cut-energy-consumption-by-around-10-amid-energy-crunch-27-11-2022-sputnik-international
Lobos and Aggies postpone basketball game tonight | Local News ...,https://www.santafenewmexican.com/news/local_news/nmsu-unm-postpone-basketball-game-after-fatal-campus-shooting/article_4617e17e-6840-11ed-affb-6f6c2afb54df.html
"Nigeria: When Death Stalks... , By Wole Olaoye - allAfrica.com",https://allafrica.com/stories/202211280050.html
Letter: Appalling Pelosi attack should be a wake-up call to Americans,https://currently.att.yahoo.com/att/letter-appalling-pelosi-attack-wake-073431290.html
Behind the NBAs Biggest Surprise | Arena | gwinnettdailypost.com,https://www.gwinnettdailypost.com/arena/behind-the-nba-s-biggest-surprise/article_925565af-f388-5fc8-833b-8dab7bc5b9fd.html
Former paramedic says daughter almost died after being told to wait 45 ...,https://ca.news.yahoo.com/former-paramedic-says-daughter-almost-200000506.html
Authorities disclose note found on Walmart shooters phone,https://www.henryherald.com/news/victims-remain-hospitalized-in-critical-condition-days-after-a-mass-shooting-in-a-virginia-walmart/article_f27fc89a-4c1c-5e0e-a949-5a2cb52dad45.html
"LA County deputies shoot woman, leaving her injured",https://www.caledonianrecord.com/news/national/la-county-deputies-shoot-woman-leaving-her-injured/article_b9fc94a1-25cd-51ff-a2d5-e2c5290bf40d.html
Russian troops including commanders ordered rape of Ukrainian women ...,https://www.dailymail.co.uk/news/article-11461219/Some-Russian-commanders-knew-sexual-violence-encouraged-says-lawyer-advising-Kyiv.html
10 Fascinating Facts about African Wild Dogs - Hideaways,https://hideawaysafrica.com/resources/10-fascinating-facts-wild-dogs/
"Rwanda: DR Congo Soldier Crosses Border to Rwanda, Shoots and...",https://allafrica.com/stories/202206200239.html
"One Rwandan shot dead, 5 in detention as fresh... - Watchdog Uganda",https://www.watchdoguganda.com/news/20201123/104805/one-rwandan-shot-dead-5-in-detention-as-fresh-tension-between-kigali-and-kampala-mount.html
Rwanda Shoots Again! No Mercy For Illegal Crossings Till Disputes...,https://www.spyuganda.com/rwanda-shoots-again-no-mercy-for-illegal-crossings-till-disputes-are-sorted-one-shot-dead-two-injured/
DR Congo soldier shot dead by Rwanda police - BBC News,https://www.bbc.com/news/world-africa-61842635
Real Rwandan genocide  brainwashing of the Western mind — RT,https://www.rt.com/op-ed/real-genocide-rwanda-hutu-extremist-848/
Rwanda Nyamwasa shooting suspects in SA court - BBC News,https://www.bbc.co.uk/news/10448723
A Short History of the Rwandan Genocide,https://www.thoughtco.com/the-rwandan-genocide-1779931
Rwandan UN peacekeeper kills four colleagues in CAR | Al Jazeera,https://www.aljazeera.com/news/2015/8/9/rwandan-un-peacekeeper-kills-four-colleagues-in-car
"Rwandas genocide — what happened, why it happened, and... - Vox",https://www.vox.com/2014/4/10/5590646/rwandan-genocide-anniversary
"Rwandan Genocide - Facts, Response  Trials - HISTORY",https://www.history.com/topics/africa/rwandan-genocide
Latin American High Weirdness: Hand of Death Satanic CIA... -- Sott.net,https://www.sott.net/article/244755-Latin-American-High-Weirdness-Hand-of-Death-Satanic-CIA-Cult-Network
x/ - Paranormal » Thread #17360635,https://archive.4plebs.org/x/thread/17360635/
Pentagon Drops Truth Bombs to Stave Off War With Russia,https://consortiumnews.com/2022/03/23/pentagon-drops-truth-bombs-to-stave-off-war-with-russia/
Russia invades Ukraine — live updates from Suspilne 2.0 suspilne.media,https://suspilne.media/222297-russia-invades-ukraine-live-updates-suspilne-20/
PDF War surgery : working with limited resources in armed conflict and other...,https://www.icrc.org/en/doc/assets/files/other/icrc-002-0973.pdf
"Tortured Ukrainian woman, 23, who was raped and... | Daily Mail Online",https://www.dailymail.co.uk/news/article-10718279/Tortured-Ukrainian-woman-23-raped-shot-Putins-soldiers-tears-wounds.html
Save the children! | #exposing #pedogate #pedovore #exposed,https://exposingpedovore.wordpress.com/
His name is Cannon Hinnant: Five-Year Old White... - The Unz Review,https://www.unz.com/sbpdl/his-name-is-cannon-hinnant-five-year-old-white-boy-shot-and-murdered-execution-style-by-black-neighbor-for-riding-his-bike-in-his-lawn/
Oliver Stones New JFK Revisited Disproves... | CovertAction Magazine,https://covertactionmagazine.com/2021/12/17/oliver-stones-new-jfk-revisited-disproves-official-story-reveals-u-s-intelligence-involvement-in-assassination/
Robert Lindsay Returns: Human Beasts - Massacre in a Ukrainian Forest,https://robert-lindsay.blogspot.com/2008/12/3-guys-1-hammer-human-beasts-massacre.html
What Really Happened in Uvalde? - The Burning Platform,https://www.theburningplatform.com/2022/05/28/what-really-happened-in-uvalde/
Oklahoma City Bombing: Was Timothy... | CovertAction Magazine,https://covertactionmagazine.com/2022/04/19/oklahoma-city-bombing-was-timothy-mcveigh-a-patsy-in-a-sinister-black-flag-operation/
Google News - World - Latest,https://news.google.com/topics/CAAqJggKIiBDQkFTRWdvSUwyMHZNRGx1YlY4U0FtVnVHZ0pWVXlnQVAB?hl=en-US&gl=US&ceid=US:en
U.S. Wars and Hostile Actions: A List - Lets Try Democracy,https://davidswanson.org/warlist/
Study: U.S. regime has killed 20-30 million people since... -- Sott.net,https://www.sott.net/article/273517-Study-US-regime-has-killed-20-30-million-people-since-World-War-Two
Why Putin Went to War,https://consortiumnews.com/2022/02/24/what-putin-says-are-the-causes-aims-of-russias-military-action/
PDF Microsoft Word - 06 02 09 Understanding War  its Continuation.doc,https://core.ac.uk/download/pdf/20124635.pdf
Ignoring Genocide (HRW Report - Leave None to Tell the Story...),https://www.hrw.org/reports/1999/rwanda/Geno15-8-01.htm
"US mercenary eliminated in Donbas, suspected of involvement with US...",https://en.topwar.ru/194954-na-donbasse-likvidirovan-naemnik-iz-ssha-podozrevaetsja-ego-prichastnost-k-amerikanskim-specsluzhbam.html
Retired Swiss Military-Intelligence Officer: Is it Possible to... -- Sott.net,https://www.sott.net/article/466340-Retired-Swiss-Military-Intelligence-Officer-Is-it-Possible-to-Actually-Know-What-Has-Been-And-is-Going-on-in-Ukraine
Wounded Russian soldiers look distinctly awkward... | Daily Mail Online,https://www.dailymail.co.uk/news/article-10657283/Terrified-looking-wounded-Russian-soldiers-look-uneasy-handed-courage-medals.html
PDF This report covers the period January to December 2003,https://corteidh.or.cr/tablas/30227.pdf
pol/ - Politically Incorrect » Thread #373589316,https://archive.4plebs.org/pol/thread/373589316/
"Russia-Ukraine war updates for April 2, 2022",https://www.cnbc.com/2022/04/02/russia-ukraine-live-updates.html
Rwandan Hutu leader wanted by the Hague shot dead by DR Congo...,https://www.france24.com/en/20190918-dr-congo-drc-troops-shoot-rwanda-warlord-fdlr-mudacumura-hutu
Nyamwasa trial: Four guilty of shooting Rwandan - in 15 seconds...,https://www.bbc.co.uk/news/av/world-africa-28986449
"Stranger in a Jewish World: Operation Crimson Mist, Electronic...",https://strangerinajewishworld.blogspot.com/2021/08/operation-crimson-mist-electronic.html
First ISIS Recruiter in Rwanda Shot Dead by Police,https://www.newsweek.com/first-isis-recruiter-rwanda-shot-dead-police-419695
Opinion | Why Britains deal with Rwanda on... - The Washington Post,https://www.washingtonpost.com/opinions/2022/04/20/britain-rwanda-refugees-trafficking-resettlement-deal/
Video shows Ukrainian forces shooting dead a wounded Russian soldier,https://nypost.com/2022/04/06/ukrainian-forces-caught-on-video-shooting-dead-wounded-russian-soldier/
Shocking Videos Allegedly Show Ukrainians Shooting And Torturing...,https://www.thegatewaypundit.com/2022/03/shocking-videos-allegedly-show-ukrainians-shooting-torturing-russian-pows/
Putin will use winter as a weapon to spark a wave... | Daily Mail Online,https://www.dailymail.co.uk/news/article-11481333/Putin-use-winter-weapon-spark-wave-Ukrainian-refugees-NATO-warns.html
pol/ - Politically Incorrect » Thread #347430605,https://archive.4plebs.org/pol/thread/347430605/
Six arrested over shooting of Rwandan in South Africa - BBC News,https://www.bbc.com/news/10363955
The Observer on Twitter: #Uganda protests as #Rwanda shoots two...,https://twitter.com/observerug/status/1132602012007378944
Exiled Rwandan general hospitalised after shooting,https://www.france24.com/en/20100619-exiled-rwandan-general-hospitalised-shot-south-africa-kayumba-nyamwasa
Despot dictator Rwanda sent hitmen to the UK kill rivals,https://www.dailymail.co.uk/news/article-4721282/Despot-dictator-Rwanda-sent-hitmen-UK-kill-rivals.html
Israels connection to the Rwanda genocide -- Puppet Masters -- Sott.net,https://www.sott.net/article/316588-Israels-connection-to-the-Rwanda-genocide
Rwanda History: Fw: *DHR* Kayumba alleges he wasnt only exile...,http://uk-africa.blogspot.com/2012/07/fw-dhr-kayumba-alleges-he-wasnt-only.html
pol/ - Politically Incorrect » Thread #112725233,https://archive.4plebs.org/pol/thread/112725233/
Rwanda shoots two dead in Ugandas territory... - Watchdog Uganda,https://www.watchdoguganda.com/news/20190525/68886/rwanda-shoots-two-dead-in-ugandas-territory-police-speak-out.html
Exclusive: Rwanda Revisited - Foreign Policy,https://foreignpolicy.com/2015/04/05/rwanda-revisited-genocide-united-states-state-department/
Israel is the organ harvesting and human trafficking global... -- Sott.net,https://www.sott.net/article/318286-Israel-is-the-organ-harvesting-and-human-trafficking-global-ringleader-with-complicit-help-from-US-and-Turkey
Security Archives - Page 62 of 115 - Nile Post,https://nilepost.co.ug/category/news/security/page/62/
"ICTR, The Media Case | How does law protect in war? - Online casebook",https://casebook.icrc.org/case-study/ictr-media-case
Police Killings by Country 2022,https://worldpopulationreview.com/country-rankings/police-killings-by-country
Noel Kambanda (@NoelKambanda) / Twitter,https://twitter.com/noelkambanda
Best bets | Bulletin Board | The Daily News,https://www.galvnews.com/bulletinboard/article_dc416812-fe23-589f-ad30-d7ca6977a89a.html
Twitter is dead. Long live Twitter - Central Bylines,https://centralbylines.co.uk/twitter-is-dead-long-live-twitter/
Zombie (The Cranberries song) - Wikipedia,https://en.wikipedia.org/wiki/Zombie_(The_Cranberries_song)
This visually compares some nuclear explosions in history,https://www.reddit.com/r/coolguides/comments/yhmabc/this_visually_compares_some_nuclear_explosions_in/
Caitlin Johnstone: When Journalism Standards Vanish,https://consortiumnews.com/2022/11/18/caitlin-johnstone-when-journalism-standards-vanish/
Two-day suicide attacks kills 138 - The Namibian,https://www.namibian.com.na/23083/archive-read/Two-day-suicide-attacks-kills-138---BAGHDAD--
On This Day — Remembering Avianca Flight 203 (November 27 1989 ...,https://inteltoday.org/2022/11/27/on-this-day-remembering-avianca-flight-203-november-27-1989-politicization-of-intelligence-2/
Bomb disposal teams secure Bangkok after multiple explosions,https://www.newsflare.com/video/306869/bomb-disposal-teams-secure-bangkok-after-multiple-explosions?origin=chong
a02cd5cb85 - United States Department of State,https://preview.state.gov/report/custom/a02cd5cb85-2/
"UN accuses Myanmar army of war crimes, torture, killings : r/news - reddit",https://www.reddit.com/r/news/comments/tgz2lg/un_accuses_myanmar_army_of_war_crimes_torture/
08665d3054 - United States Department of State,https://preview.state.gov/report/custom/08665d3054-2/
Syria: Seven Children Killed by Landmines in Two Days,https://syria.savethechildren.net/news/syria-seven-children-killed-landmines-two-days
ryhc.lalitas-lifestyle.de,https://ryhc.lalitas-lifestyle.de/en/ukpp
b733b70970 - United States Department of State,https://preview.state.gov/report/custom/b733b70970/
les mines non désamorcées disséminées - Traduction en anglais ...,https://context.reverso.net/traduction/francais-anglais/les+mines+non+d%C3%A9samorc%C3%A9es+diss%C3%A9min%C3%A9es
Traduction de casque bleu sénégalais qui en anglais,https://context.reverso.net/traduction/francais-anglais/casque+bleu+s%C3%A9n%C3%A9galais+qui
Eight civilians killed as hours-long Somalia hotel siege ends,https://ewn.co.za/2022/11/28/eight-civilians-killed-as-hours-long-somalia-hotel-siege-ends
"Eliminating Nuclear Weapons - Not Later, but Now",https://bahaiteachings.org/eliminating-nuclear-weapons-not-later-but-now/
"As Palestinian Jihad Terrorists Wound American Girl, Biden Upgrades ...",https://www.jihadwatch.org/2022/11/as-palestinian-jihad-terrorists-wound-american-girl-biden-upgrades-ties-with-jihad-terrorists
UPDATE 2-Suicide bombing kills at least 16 in northeast Syria - monitor,https://www.zawya.com/en/business/update-2-suicide-bombing-kills-at-least-16-in-northeast-syria-monitor-wij1fujd
"Goal 16: Peace, justice and strong institutions | Sustainable ...",https://sdgresources.relx.com/goal-16-peace-justice-and-strong-institutions/feedback/2-s2.0-85049987312
c66d922528 - United States Department of State,https://preview.state.gov/report/custom/c66d922528-2/
Dodge County emergency management director takes talents to Fond du Lac ...,https://www.wdtimes.com/news/local/dodge-county-emergency-management-director-takes-talents-to-fond-du-lac-county/article_31983bc6-6b48-11ed-b4c7-639539839d0d.html
The inner workings of Russias thermobaric weapons,https://www.army-technology.com/features/the-inner-workings-of-russias-thermobaric-weapons/
wso.time-tunnel.shop,https://wso.time-tunnel.shop/en/tdpp
ba406d213d - United States Department of State,https://preview.state.gov/report/custom/ba406d213d/
million dollar mistake caribbean medical school,https://lseyb.arsgrazia.de/news/iiis.html
is it easy to get drugs into leeds festival,https://kryh.asia-din-hau.de/news/hhit.html
hwuv.jozef-rakicky-landratswahl.de,https://hwuv.jozef-rakicky-landratswahl.de/en/llml
cs.bgu.ac.il/~elhadad/nlp20/count_1w.txt,https://www.cs.bgu.ac.il/~elhadad/nlp20/count_1w.txt
lri.fr/~adecelle/content/teaching/m1info_pstat_info/tps/count_1w.txt,https://www.lri.fr/~adecelle/content/teaching/m1info_pstat_info/tps/count_1w.txt
practicalcryptography.com/media/cryptanalysis/files/count_1w.txt,http://practicalcryptography.com/media/cryptanalysis/files/count_1w.txt
(PDF) Ukraine (Donbas) | Valentyna Polunina - Academia.edu,https://www.academia.edu/27421830/Ukraine_Donbas_
PDF Yk-e.qxd,https://pircenter.org/media/content/files/10/13948115470.pdf
Full text of Bruin life,https://archive.org/stream/bruinlife9495univ/bruinlife9495univ_djvu.txt
9th Jul by Kuwait Times - issuu,https://issuu.com/kuwaitnews/docs/9jul2012
Michigan student brings homemade explosive device to school and...,https://news.myseldon.com/ru/news/index/246883934
Detonate: Онлайн переводчик для учеников | OpenTran,https://opentran.net/allies/students-translation/detonate.html
Ignatova_ekaterina,https://taplink.cc/ignatova_ekaterina_
Registry of mine incidents : From March 1996 until September... - ICRC,https://www.icrc.org/en/doc/resources/documents/misc/57jn75.htm
PDF AFGHANISTAN,https://unama.unmissions.org/sites/default/files/poc_annual_report_2015_final_14_feb_2016.pdf
Living with Endless War - How IEDs Changed Modern Conflicts,https://rcg.org/realtruth/articles/180215-003.html
PDF GLOBAL,https://www.economicsandpeace.org/wp-content/uploads/2020/08/GTI-2019web.pdf
PDF Measuring the impact of terrorism,https://www.visionofhumanity.org/wp-content/uploads/2022/03/GTI-2022-web.pdf
Timeline of Human Experimentation  Population Control AND...,https://gangstalkingmindcontrolcults.com/timeline-of-human-experimentation-population-control/
"Meteorites, Asteroids, and Comets: Damages, Disasters... -- Sott.net",https://www.sott.net/article/151954-Meteorites-Asteroids-and-Comets-Damages-Disasters-Injuries-Deaths-and-Very-Close-Calls
Kyrgyzstan - United States Department of State,https://www.state.gov/reports/2021-investment-climate-statements/kyrgyz-republic
practicalcryptography.com/media/miscellaneous/files/english_counts2.txt,http://practicalcryptography.com/media/miscellaneous/files/english_counts2.txt
Ukrainian Attack on Kerch Bridge in the Crimea Not Going As...,https://sonar21.com/ukrainian-attack-on-kerch-bridge-in-the-crimea-not-going-as-planned-wile-e-coyote-lives/
ftp.cdc.gov/pub/health_Statistics/nchs/Software/mmds/2009/spell...,https://ftp.cdc.gov/pub/health_Statistics/nchs/Software/mmds/2009/spell/mmds_spell.txt
And they wonder why nobody trusts the MSM. STOP... - Choice Clips,https://choiceclips.whatfinger.com/2022/11/25/and-they-wonder-why-nobody-trusts-the-msm-stop-watching-msm-news-they-act-as-one/
Protection of victims of armed conflict through respect of... - ICRC,https://www.icrc.org/en/doc/resources/documents/misc/57jpzn.htm
"PDF The Iraq War, 1991-2011: Cutting and Running Responsibly",https://www.berghahnbooks.com/downloads/OpenAccess/ReynaDeadly/ReynaDeadly_09.pdf
huggingface.co/ixa-ehu/ixambert-base-cased/resolve/main/vocab.txt,https://huggingface.co/ixa-ehu/ixambert-base-cased/resolve/main/vocab.txt
PDF Man and War,http://lib.lunn.ru/LunnDigitalDocsClosed/DR277432.pdf
algo2.iti.kit.edu/gog/projects/ALENEX15/collections/ENWIKISMLINT...,https://algo2.iti.kit.edu/gog/projects/ALENEX15/collections/ENWIKISMLINT/dict.txt
lqzjnylp,https://mysl.kazgazeta.kz/news/9760
Full text of Far Cry 2 Official Game Guide,https://archive.org/stream/Far_Cry_2_Official_Game_Guide/Far_Cry_2_Official_Game_Guide_djvu.txt
"GitHub Gist: instantly share code, notes, and snippets.",https://gist.github.com/StillKeepTry/b3a7f2b0b409d54a8086232eeeb4e05d
Cortes Slams The Biden Regimes Weak Letter On Lao...,https://generaldispatch.whatfinger.com/cortes-slams-the-biden-regimes-weak-letter-on-lao-baixings-uprisings-against-the-totalitarian-ccp/
Open Thread for today (plus comments) | The Vineyard of the Saker,https://thesaker.is/open-thread-for-today-plus-comments/
worksheets.codalab.org/rest/bundles/0xadf98bb30a99476ab56ebff...,https://worksheets.codalab.org/rest/bundles/0xadf98bb30a99476ab56ebff3e462d4fa/contents/blob/glove.6B.100d.txt-vocab.txt
PDF Cluster Bombs Over Kosovo: A Violation of International Law?,https://core.ac.uk/download/pdf/46713596.pdf
PDF Сборник тезисов докладов,https://www.amursma.ru/upload/iblock/824/%D0%A1%D0%B1%D0%BE%D1%80%D0%BD%D0%B8%D0%BA%20%D1%82%D0%B5%D0%B7%D0%B8%D1%81%D0%BE%D0%B2%20%D0%B4%D0%BE%D0%BA%D0%BB%D0%B0%D0%B4%D0%BE%D0%B2%2029-%D0%BE%D0%B9%20%D0%BA%D0%BE%D0%BD%D1%84%D0%B5%D1%80%D0%B5%D0%BD%D1%86%D0%B8%D0%B8%20%D0%A1%D0%9D%D0%9E%20%D0%90%D0%BC%D1%83%D1%80%D1%81%D0%BA%D0%BE%D0%B9%20%D0%93%D0%9C%D0%90%20%D0%BD%D0%B0%20%D0%B8%D0%BD%D0%BE%D1%81%D1%82%D1%80%D0%B0%D0%BD%D0%BD%D1%8B%D1%85%20%D1%8F%D0%B7%D1%8B%D0%BA%D0%B0%D1%85.pdf
mieliestronk.com/corncob_lowercase.txt,http://www.mieliestronk.com/corncob_lowercase.txt
Ukrainian Army War Crimes Include Shelling... | CovertAction Magazine,https://covertactionmagazine.com/2022/09/23/ukrainian-army-war-crimes-include-shelling-of-ambulences-firetrucks-and-rescue-workers-in-the-donbass-republics-similar-to-israelis-and-u-s-backed-terrorists-in-syria/
Romanov Ascendant: What if the Soviet Union... | alternatehistory.com,https://www.alternatehistory.com/forum/threads/romanov-ascendant-what-if-the-soviet-union-survived.501551/page-28
The Longest War in US History Is Not Over,https://consortiumnews.com/2021/09/08/the-longest-war-in-us-history-is-not-over/
Rwanda asylum plan: who does it target and is it going... | The Guardian,https://www.theguardian.com/uk-news/2022/apr/14/rwanda-asylum-plan-who-does-it-target-and-is-it-going-to-happen
UK officials warned government not to pursue Rwanda... | Reuters,https://www.reuters.com/world/uk-officials-warned-government-not-pursue-rwanda-deportation-plan-court-hears-2022-07-19/
Старую пощёчину президенту Франции Макрону выдали в Сети за...,https://FactCheck.kz/v-mire/staruyu-poshhyochinu-prezidentu-francii-makronu-vydali-v-seti-za-nedavnyuyu-afp/
UK-Rwanda migrant deal: UK announces controversial plan to send...,https://edition.cnn.com/2022/04/14/europe/uk-rwanda-migrant-deal-gbr-intl/index.html
Bessell van der Kolk: Overcome Trauma With Yoga - YouTube,https://www.youtube.com/watch?v=MmKfzbHzm_s
Detonate v1.2 | Detonate - инди-игра от независимого разработчика...,https://vk.com/detonate_1_2
Live bets on Detonate vs Villainous in the Best of 3 maps Main Event...,https://www.marathonbet.by/en/live/14885457
Detonate vs. MIBR at ESL Challenger League Season 43... | HLTV.org,https://www.hltv.org/matches/2360357/detonate-vs-mibr-esl-challenger-league-season-43-north-america
RED ALERT: Russia and China planning simultaneous attack to...,https://www.naturalnews.com/2022-06-07-russia-and-china-planning-simultaneous-attack-to-eliminate-the-united-states.html
Ukrainian terror plot in Zaporozhye foiled - Moscow — RT Russia...,https://www.rt.com/russia/567316-russia-ukraine-market-bombing/
Nord Stream gas sabotage: whos being blamed and why? | Reuters,https://www.reuters.com/world/europe/qa-nord-stream-gas-sabotage-whos-being-blamed-why-2022-09-30/
Detonate vs MIBR - Nuke Round 14 - CS:GO - cover.gg,https://cover.gg/matches/detonate-vs-mibr-28-11-2022/nuke/round-14
Classical Theory of Detonation,https://hal.archives-ouvertes.fr/jpa-00253700/document
PDF Journal of Peace Research http://jpr.sagepub.com/content/43/1/5,https://www.researchgate.net/profile/Philip-Verwimp/publication/240704714_Machetes_and_Firearms_The_Organization_of_Massacres_in_Rwanda/links/5405f8900cf2bba34c1df343/Machetes-and-Firearms-The-Organization-of-Massacres-in-Rwanda.pdf?origin=publication_detail
This thing is meant to kill: The vicious homemade weapon on the ...,http://newsare.net/country/rwanda/&nw=4894965
Home Office top mandarin still unsure if £140m Rwanda plan is value for ...,https://www.msn.com/en-gb/news/uknews/home-office-top-mandarin-still-unsure-if-%C2%A3140m-rwanda-plan-is-value-for-money/ar-AA14s5Y7
Russia Is Using Rape as a Weapon in Ukraine. The West Must Hold Putin ...,https://ca.sports.yahoo.com/news/russia-using-rape-weapon-ukraine-051201081.html
"Uganda to Deploy 1,000 Troops to DR Congo to Fight Rebels",https://www.thedefensepost.com/2022/11/23/uganda-deploy-soldiers-dr-congo/
KENYAS VISION 2030 - HOW DO WE GET THERE? | After the 1994 Genocide in ...,https://www.facebook.com/groups/kenyasvision2030/posts/245662478849268/
Medford man facing charges for assault and battery with a weapon for ...,https://news.yahoo.com/medford-man-facing-charges-assault-191150231.html
Rape is a weapon of war Critically assess this explanation of ...,https://www.studocu.com/en-gb/document/university-of-bath/introduction-to-british-politics/rape-is-a-weapon-of-war-critically-assess-this-explanation-of-conflict-related-sexual-violence/34753693
"Biden, Dems push ban on so-called assault weapons | State ...",https://www.southernminn.com/faribault_daily_news/news/state/biden-dems-push-ban-on-so-called-assault-weapons/article_828a550e-6d01-11ed-9c1c-ebcd4e66f3c3.html
Besides Guns What Weapon Was Used To Kill People? | Practice Question,https://www.fatskills.com/literature/quiz/hotel-rwanda/besides-guns-what-weapon-was-used-to-kill-peopleij
Suspected Congolese soldier killed after crossing border - Rwanda ministry,https://www.msn.com/en-gb/news/world/suspected-congolese-soldier-killed-after-crossing-border-%E2%80%93-rwanda-ministry/ar-AA14iquE
Rwanda: Remains of Rwandan Peacekeeper Killed in CAR Repatriated,https://www.blackfacts.com/news/article/rwanda-remains-of-rwandan-peacekeeper-killed-in-car-repatriated
Amazing Polly And Joe Vialls: Operation Crimson Mist In Rwanda Was ...,https://www.ournewearthnews.com/2022/07/13/amazing-polly-and-joe-vialls-operation-crimson-mist-in-rwanda-was-microwave-weapon-slaughter-experiment-most-obscene-terminal-mind-control-operation-ever-mounted-by-united-states-killed-one-million/?amp=1
40 Burundi Rebels Killed in East DR Congo,https://www.thedefensepost.com/2022/11/28/burundi-rebels-killed-dr-congo/
A theory of change for addressing conflict-related sexual violence,https://www.gov.uk/government/publications/preventing-sexual-violence-in-conflict-initiative-strategy/a-theory-of-change-for-addressing-conflict-related-sexual-violence
E. Congo on edge to see if M23 rebel cease-fire takes effect,https://news.yahoo.com/e-congo-edge-see-m23-195608747.html
ARAY to host vigil for Colorado club shooting victims,https://www.yoursun.com/charlotte/news/aray-to-host-vigil-for-colorado-club-shooting-victims/article_11c55744-6a9d-11ed-91ec-c3310193cd1e.html
Ex-Tarrant deputy charged with murder heads back to court after ...,https://dentonrc.com/news/crime/ex-tarrant-deputy-charged-with-murder-heads-back-to-court-after-mistrial/article_a2b0e825-10e9-5430-83b8-3a4fefc60385.html
Man gets 10 years in shooting that sparked racial protests,https://www.whig.com/ap/national/man-gets-10-years-in-shooting-that-sparked-racial-protests/article_f2781b72-0fe0-58d4-a2ca-8ba20a3cb3ab.html
Rwandas electric vehicle push has a faltering start - BBC News,https://www.bbc.com/news/business-63622624?at_bbc_team=editorial&at_campaign_type=owned&at_format=link&at_link_id=84A15BFA-6A02-11ED-8737-6BC94744363C&at_link_origin=BBCTech&at_link_type=web_link&at_ptr_name=twitter
Presidency | Rwanda on Twitter: President Kagame: From a human ...,https://twitter.com/UrugwiroVillage/status/1197510343322427392
China Reliefs Rwanda Of $7.1 Million Debt - Heritage Times,https://www.theheritagetimes.com/china-reliefs-rwanda-of-7-1-million-debt/
Toy guns and the little bang theory of violence,https://www.wenatcheeworld.com/news/toy-guns-and-the-little-bang-theory-of-violence/article_2bebaea4-bb72-5bd4-9940-7562ba95e467.html
stat.ink | Results of Weaponlls Battle,https://stat.ink/@weaponll/spl2/322350
3 arrested in deadly garage shooting | News | mydailyrecord.com,https://www.mydailyrecord.com/news/3-arrested-in-deadly-garage-shooting/article_28d2f55d-c6e7-5292-a06e-a78c31eedb6c.html
Man shot during fight at Pensacola shopping plaza; car crashes on way ...,https://www.yahoo.com/video/man-shot-during-fight-pensacola-181245865.html
Breaking news from the year you were born - msn.com,https://www.msn.com/en-ph/news/other/breaking-news-from-the-year-you-were-born/ss-AAZOpWK
dirty emoji meanings cheat sheet,https://bfxj.nvidias.shop/item/dirty-emoji-meanings-cheat-sheet.html
Police: Pocatello man arrested after firing pistol multiple times at ...,https://www.idahostatejournal.com/freeaccess/police-pocatello-man-arrested-after-firing-pistol-multiple-times-at-suv-during-road-rage-incident/article_42c6d6e8-6e2a-11ed-bc87-e3fbc13f2a3b.html
"14 years later, NATO is set to renew its vow to Ukraine",https://www.postregister.com/news/world/14-years-on-nato-to-renew-a-vow-to-ukraine/article_645a9a65-56d3-551f-a7b3-2e3196e1358e.html
Knife-wielding man shot by East Idaho police officer,https://www.idahostatejournal.com/freeaccess/knife-wielding-man-shot-by-east-idaho-police-officer/article_72431f18-6f23-11ed-93dc-63cc0135bc85.html
Hiba Sadah - Program Officer - Mercy Corps | LinkedIn,https://sd.linkedin.com/in/hiba-sadah-b81277147
"Lull in Russian attacks against Ukraine energy, aid pledged",https://www.postregister.com/news/world/lull-in-russian-attacks-against-ukraine-energy-aid-pledged/article_e87261c8-b7e6-5b79-b9c6-ba995372c201.html
reasons for deportation uk,https://exsbdd.beerswithbears.de/reasons-for-deportation-uk.html
Defence Attachés accredited to Rwanda witness the circumstances that ...,https://www.mod.gov.rw/rw/news-detail/defence-attaches-accredited-to-rwanda-witness-the-circumstances-that-led-to-the-fatal-shooting-of-a-drc-soldier-who-crossed-the-rubavu-border-and-opened-fire-against-rdf-position
"Unidentified Soldier Crosses Into Rwanda, Shoots at Rdf Towers in ...",https://www.mod.gov.rw/rw/news-detail/unidentified-soldier-crosses-into-rwanda-shoots-at-rdf-towers-in-rubavu-district
MOD: Defence Attachés accredited to Rwanda witness the circumstances ...,https://mod.prod.risa.rw/news-detail/defence-attaches-accredited-to-rwanda-witness-the-circumstances-that-led-to-the-fatal-shooting-of-a-drc-soldier-who-crossed-the-rubavu-border-and-opened-fire-against-rdf-position
"Unidentified Soldier Crosses Into Rwanda, Shoots at Rdf Towers in ...",https://mod.prod.risa.rw/news-detail/unidentified-soldier-crosses-into-rwanda-shoots-at-rdf-towers-in-rubavu-district
Tensions grow between DRC and Rwanda as rebels gain ground,https://www.msn.com/en-xl/news/other/tensions-grow-between-drc-and-rwanda-as-rebels-gain-ground/ar-AA13AuTO
"Kinigi, Rwanda. 7th Oct, 2019. A man walks on the road in Kinigi sector ...",https://www.alamy.com/kinigi-rwanda-7th-oct-2019-a-man-walks-on-the-road-in-kinigi-sector-of-musanze-district-northern-rwanda-on-oct-7-2019-rwandan-police-said-the-situation-has-been-normalized-following-a-deadly-attack-in-kinigi-sector-gateway-to-volcanoes-national-park-a-group-of-unknown-assailants-equipped-with-crude-weapons-including-knives-and-pangas-and-guns-attacked-a-village-in-kinigi-sector-on-oct-4-leaving-at-least-14-people-dead-credit-lyu-tianranxinhuaalamy-live-news-image329147831.html
"Kinigi, Rwanda. 7th Oct, 2019. A woman walks past signposts in Kinigi ...",https://www.alamy.com/kinigi-rwanda-7th-oct-2019-a-woman-walks-past-signposts-in-kinigi-sector-of-musanze-district-northern-rwanda-on-oct-7-2019-rwandan-police-said-the-situation-has-been-normalized-following-a-deadly-attack-in-kinigi-sector-gateway-to-volcanoes-national-park-a-group-of-unknown-assailants-equipped-with-crude-weapons-including-knives-and-pangas-and-guns-attacked-a-village-in-kinigi-sector-on-oct-4-leaving-at-least-14-people-dead-credit-lyu-tianranxinhuaalamy-live-news-image329147839.html
Rwanda: Genesis of 1994 genocide - Daily Trust,https://dailytrust.com/rwanda-genesis-of-1994-genocide/
"Lay down your arms, peace team reiterate calls to rebels in DRC",https://www.the-star.co.ke/news/2022-11-28-lay-down-your-arms-peace-team-reiterate-calls-to-rebels-in-drc/
UN decries low women participation in politics - Punch Newspapers,https://punchng.com/un-decries-low-women-participation-in-politics/
Drones Can be Deadly Weapons For Extremists - Africa Defense Forum,https://adf-magazine.com/2022/11/drones-can-be-deadly-weapons-for-extremists/
"Photo shows victims of Kenyan gang attack, not Fulani terrorists in Nigeria",https://news.yahoo.com/photo-shows-victims-kenyan-gang-133439330.html
Hormuz 15 November 2022 #1 | Crisis Group,https://www.crisisgroup.org/node/19914
Ethnic bioweapon - Wikipedia,https://en.wikipedia.org/wiki/Ethnic_bioweapon
Burundi: who is holding journalist Jérémie Misago?,https://www.sosmediasburundi.org/en/2022/11/21/burundi-who-is-holding-journalist-jeremie-misago/
Switzerlands worst-ever gun massacre - SWI swissinfo.ch,https://www.swissinfo.ch/eng/multimedia/switzerland-s-worst-ever-gun-massacre/48049694
"Nigerian Army Ambushes Boko Haram Sect, Recovers Deadly Weapons (photos ...",https://ww.nairaland.com/3228671/nigerian-army-ambushes-boko-haram
"Headlines for November 28, 2022 | Democracy Now!",https://www.democracynow.org/2022/11/28/headlines
"Bukinanyana: Rwandan rebels killed, others arrested",https://www.sosmediasburundi.org/en/2022/11/21/bukinanyana-rwandan-rebels-killed-others-arrested/
Gorillas in the midst,https://theecologist.org/2022/nov/25/gorillas-midst
On This Day — Did The CIA Murder US Army Scientist Frank Olson? And Why ...,https://inteltoday.org/2022/11/28/on-this-day-did-the-cia-murder-us-army-scientist-frank-olson-and-why-november-28-1953-us-biological-weapons-in-the-korean-war/
IBA War Crimes Committee shines a light on corporate liability cases,https://www.ibanet.org/IBA-War-Crimes-Committee-shines-a-light-on-corporate-liability-cases
"Gay bar shooting suspect faces murder, hate crime charges",https://ca.sports.yahoo.com/news/patrons-gay-club-shooting-hit-053537524.html?src=rss
"Walmart shooter left death note, bought gun day of killing",https://www.idahostatejournal.com/news/state/walmart-shooter-left-death-note-bought-gun-day-of-killing/article_1e268779-dee2-58b4-bf9f-4909b721c92f.html
A single death reported in Nez Perce | Northwest | lmtribune.com,https://lmtribune.com/northwest/a-single-death-reported-in-nez-perce/article_88c91295-68fa-556f-864b-0e1271c74da2.html
"Operation Crimson Mist, Electronic Slaughter in Rwanda by Joe Vialls",https://www.educate-yourself.org/cn/americanmcinbaghdad29may03.shtml
Rwanda: The Preventable Genocide,https://studylib.net/doc/8833176/rwanda--the-preventable-genocide
Ethnic-Specific Weapons: Leaked Documents Reveal US... -- Sott.net,https://www.sott.net/article/396191-Ethnic-Specific-Weapons-Leaked-Documents-Reveal-US-Diplomats-in-Georgia-Trafficking-Human-Blood-And-Pathogens-For-Pentagon-Biowarfare-Laboratory
Non-Lethal Weapons | Cambridge Core,https://www.cambridge.org/core/books/nonlethal-weapons/ED452532BACE700CE270BB6CCA9CEF37
Жанр книг «История» читать онлайн бесплатно или... | Флибуста,https://flibusta.org.ua/g/61
pol/ - Politically Incorrect » Thread #230585890,https://archive.4plebs.org/pol/thread/230585890
Live updates: Ukrainian grain export talks in Turkey end with progress,https://www.cgtn.com/special/Live-update-Ukraine-Russia-border-crisis.html
COVID Protests Spread Across China as Lockdown... | Democracy Now!,https://www.democracynow.org/2022/11/28/headlines/covid_protests_spread_across_china_as_lockdown_anger_boils_over
"Guns in Rwanda — Firearms, gun law and gun control",https://www.gunpolicy.org/firearms/region/rwanda
Overview of gun laws by nation - Wikipedia,https://en.wikipedia.org/wiki/Overview_of_gun_laws_by_nation
PDF Interview with,https://international-review.icrc.org/sites/default/files/irrc_859.pdf
PDF Rwanda - Loi organique n°2012-01 du 2 mai 2012 portant Code Penal...,https://www.droit-afrique.com/upload/doc/rwanda/Rwanda-Code-2012-penal.pdf
Tucker Carlson: How many Americans have died after taking... -- Sott.net,https://www.sott.net/article/452370-Tucker-Carlson-How-many-Americans-have-died-after-taking-the-COVID-vaccine
Case Law of the International Criminal Tribunal for Rwanda...,https://www.hrw.org/reports/2004/ij/ictr/3.htm
Final Report to the Prosecutor by the Committee Established to Review...,https://www.icty.org/en/press/final-report-prosecutor-committee-established-review-nato-bombing-campaign-against-federal
Sitrep Operation Z: Not your normal sitrep | The Vineyard of the Saker,https://thesaker.is/sitrep-operation-z-not-your-normal-sitrep/
The New Humanitarian | Illegal weapons: A global guide,https://www.thenewhumanitarian.org/2017/04/03/illegal-weapons-global-guide
PDF Yearbook of the International Law Commission 2006 - Volume II...,https://legal.un.org/ilc/publications/yearbooks/english/ilc_2006_v2_p1.pdf
Coccinellidae library card-index,https://www.zin.ru/ANIMALIA/COLEOPTERA/addpages/Andrey_Ukrainsky_Library/Coccinellidae.htm
Godr-Ayed Weapons (Blackstar Alternative)... - Black Desert Foundry,https://www.blackdesertfoundry.com/godr-ayed-weapons-blackstar-alternative-guide/
Weapons | Elden Ring Wiki,https://eldenring.wiki.fextralife.com/Weapons
"24 best weapons in Elden Ring, and how to get... | Rock Paper Shotgun",https://www.rockpapershotgun.com/elden-ring-best-weapons
"Chemical weapon | History, Facts, Types,  Effects | Britannica",https://www.britannica.com/technology/chemical-weapon
Women and Weapons - Collection | OpenSea,https://opensea.io/collection/womenandweapons
Об истине и лжи / Of Truth and Lies - New Quests. Weapons and...,https://falcon-lair.com/files/file/2523-ob-istine-i-lzhi-of-truth-and-lies-new-quests-weapons-and-armours/
Weapons | DD 5th Edition on Roll20 Compendium,https://roll20.net/compendium/dnd5e/Weapons
View all | Reports | Monitor | Rwanda,http://www.the-monitor.org/en-gb/reports/2019/rwanda/view-all.aspx
Will the tragic fate of world stars like Celine Dion and Justin... -- Sott.net,https://www.sott.net/article/469019-Will-the-tragic-fate-of-world-stars-like-Celine-Dion-and-Justin-Bieber-open-the-eyes-of-their-fans-Impacts-of-Covid-19-vaccine
Trump Sued in Iraqi Court for Assassinations,https://consortiumnews.com/2022/11/29/trump-sued-in-iraqi-court-for-assassinations/
New Documentary Offers Grunts View of War... | CovertAction Magazine,https://covertactionmagazine.com/2022/11/29/new-documentary-offers-grunts-view-of-war-in-afghanistan-during-its-last-nine-months/
Ukraine latest updates: UN hopes grain shipments begin... | Al Jazeera,https://www.aljazeera.com/news/liveblog/2022/7/27/russia-ukraine-live-news-moscow-redeploying-troops
PDF COMBATANTS,http://thefishermenrelief.org/reports/CombatantsNorthandSouthKivu2014.pdf
The paradox of military humanitarian intervention in Rwanda | Medium,https://medium.com/stanford-global-perspectives/the-paradox-of-military-humanitarian-intervention-in-rwanda-d60ed583474
10 Horrifying Ways The UN Is To Blame For The Rwandan Genocide,https://listverse.com/2017/04/06/10-horrifying-ways-the-un-is-to-blame-for-the-rwandan-genocide/
"Environmental Issues, Land and Resources, Rwanda, Africa - Soil...",https://countriesquest.com/africa/rwanda/land_and_resources/environmental_issues.htm
Rwandas secret weapon against covid-19: trust | The BMJ,https://www.bmj.com/content/371/bmj.m4720
PDF Arms availability and the situation of civilians in armed conflict: a study...,https://www.icrc.org/en/doc/assets/files/other/icrc_002_0734_arms_availability.pdf
Rwanda: Staff from 3 hospitals get trained in conflict-wound... | ICRC,https://www.icrc.org/en/document/rwanda-staff-3-hospitals-get-trained-conflict-wound-management
History Books  Magazines: записи сообщества | ВКонтакте,https://vk.com/wall-167473784
Matthew Tyrmand: The Brazilian Military Stands With Bolsonaro And Is...,https://generaldispatch.whatfinger.com/matthew-tyrmand-the-brazilian-military-stands-with-bolsonaro-and-is-prepared-to-invoke-article-142/
Wagner Group | Military Wiki | Fandom,https://military-history.fandom.com/wiki/Wagner_Group
Biden Could Turn the Ukraine War Into a Global Conflict,https://foreignpolicy.com/2022/04/29/russia-ukraine-war-biden-endgame/
Rwandan genocide - DW - 04/07/2009 | Wounds still not healed,https://www.dw.com/en/rwanda-why-the-international-community-looked-away/a-4157229
The Rwandan Genocide: A study for policymakers engaged in foreign...,https://digitalcommons.pepperdine.edu/cgi/viewcontent.cgi?article=1195&context=ppr
What Every Person Should Know About War | The Anarchist Library,https://theanarchistlibrary.org/library/chris-hedges-what-every-person-should-know-about-war
Earth Needs Shamans - Mad In America,https://www.madinamerica.com/2021/05/earth-needs-shamans/
"PDF Rwanda, weapons were readily",https://www.files.ethz.ch/isn/98715/PAPER108.pdf
The Rwanda Tribunal: A presentation of some legal aspects - ICRC,https://www.icrc.org/en/doc/resources/documents/article/other/57jnz4.htm
Tigray Military Update: in just two weeks TDF claim to have killed and...,https://tghat.com/2021/04/13/tigray-military-update-in-just-two-weeks-tdf-claims-to-have-killed-and-wounded-more-than-12500-enemy-combatants/
NATO Has Been Called Greatest Threat to... | CovertAction Magazine,https://covertactionmagazine.com/2021/06/17/nato-has-been-called-the-greatest-threat-to-world-peace-now-biden-plans-a-dangerous-expansion-that-will-increase-military-spending-and-escalate-the-risk-of-war/
Ukraine  Nukes,https://consortiumnews.com/2022/03/03/ukraine-nukes/
Sitrep: Operation Z | The Vineyard of the Saker,https://thesaker.is/sitrep-operation-z-16/
Military  Intelligence - todays latest news and major events - Sputnik...,https://sputniknews.com/military/
Ukraine latest updates: Russia says will open evacuation... | Al Jazeera,https://www.aljazeera.com/news/2022/5/3/us-helping-ensure-russia-strategic-failure-in-ukraine-biden-says-liveblog
Ukraine gets more Soviet-era weapons from NATO member,https://www.rt.com/news/567367-slovakia-bmp-ukraine-germany/
Commander of NATO Mission Iraq points to rapprochement... - TASS,https://tass.com/defense/1543253
NATO: Iran and the rest of the countries should not... - liveuamap.com,https://liveuamap.com/en/2022/29-november-nato-iran-and-the-rest-of-the-countries-should
truama - Search truama page 1,https://teenfic.net/search/truama
Russia-Ukraine War: U.S. Is Running Out of Weapons... - Bloomberg,https://www.bloomberg.com/opinion/articles/2022-04-14/russia-ukraine-war-u-s-is-running-out-of-weapons-aiding-kyiv
"NATO Countries Pour Weapons Into Ukraine, Risking Conflict With...",https://www.nytimes.com/2022/03/02/world/europe/nato-weapons-ukraine-russia.html
